Group,Family,Scientific Name,variety,Common Name,Native/Exotic,Fresh/Marine/Brackish,,
Amphibians-Frogs,Bombinatoridae,Bombina orientalis,,Oriental Fire-bellied Toad,Exotic,Freshwater,,
Amphibians-Frogs,Bufonidae,Atelopus zeteki,,Panamanian Golden Frog,Exotic,Freshwater,,
Amphibians-Frogs,Bufonidae,Duttaphrynus melanostictus,,Southeast Asian Toad,Exotic,Freshwater,,
Amphibians-Frogs,Bufonidae,Rhaebo blombergi,,Columbian Giant Toad,Exotic,Freshwater,,
Amphibians-Frogs,Bufonidae,Rhinella marina,,Cane Toad,Native,Freshwater,,
Amphibians-Frogs,Eleutherodactylidae,Eleutherodactylus coqui,,Coqui,Exotic,Freshwater,,
Amphibians-Frogs,Eleutherodactylidae,Eleutherodactylus planirostris,,Greenhouse Frog,Exotic,Freshwater,,
Amphibians-Frogs,Eleutherodactylidae,Eleutherodactylus portoricensis,,Forest Coqui,Exotic,Freshwater,,
Amphibians-Frogs,Hylidae,Litoria caerulea,,Australian Green Treefrog,Exotic,Freshwater,,
Amphibians-Frogs,Hylidae,Osteopilus septentrionalis,,Cuban Treefrog,Exotic,Freshwater,,
Amphibians-Frogs,Hylidae,Pachymedusa dacnicolor,,Mexican Leaf Frog,Exotic,Freshwater,,
Amphibians-Frogs,Hylidae,Pseudacris sierra,,Sierran Chorus Frog,Native,Freshwater,,
Amphibians-Frogs,Hyperoliidae,Afrixalus fornasini,,Fornasini's Spiny Reed Frog,Exotic,Freshwater,,
Amphibians-Frogs,Microhylidae,Kaloula pulchra,,Malaysian Painted Frog,Exotic,Freshwater,,
Amphibians-Frogs,Pipidae,Hymenochirus boettgeri,,Zaire Dwarf Clawed Frog,Exotic,Freshwater,,
Amphibians-Frogs,Pipidae,Xenopus laevis,,African Clawed Frog,Exotic,Freshwater,,
Amphibians-Salamanders,Ambystomatidae,Ambystoma gracile,,Northwestern Salamander,Native,Freshwater,,
Amphibians-Salamanders,Amphiumidae,Amphiuma tridactylum,,Three-toed Amphiuma,Native,Freshwater,,
Amphibians-Salamanders,Salamandridae,Cynops orientalis,,Oriental Fire-bellied Newt,Exotic,Freshwater,,
Amphibians-Salamanders,Salamandridae,Cynops pyrrhogaster,,Japanese Fire-bellied Salamander,Exotic,Freshwater,,
Amphibians-Salamanders,Salamandridae,Notophthalmus viridescens viridescens,,Red-spotted Newt,Native,Freshwater,,
Amphibians-Salamanders,Salamandridae,Pachytriton labiatus,,Paddle-Tail Newt,Exotic,Freshwater,,
Coelenterates-Hydrozoans,Oceanidae,Cordylophora caspia,,freshwater hydroid,Exotic,Freshwater-Marine,,
Coelenterates-Hydrozoans,Olindiidae,Craspedacusta sowerbyi,,freshwater jellyfish,Exotic,Freshwater,,
Crustaceans-Barnacles,Balanidae,Megabalanus coccopoma,,Titan acorn barnacle,Exotic,Brackish-Marine,,
Crustaceans-Cladocerans,Daphnidae,Daphnia lumholtzi,,a waterflea,Exotic,Freshwater,,
Crustaceans-Cladocerans,Sididae,Diaphanosoma brevireme,,a cladoceran,Exotic,Freshwater,,
Crustaceans-Cladocerans,Sididae,Diaphanosoma fluviatile,,a cladoceran,Exotic,Freshwater,,
Crustaceans-Copepods,Argulidae,Argulus japonicus,,Japanese fishlouse,Exotic,Freshwater-Marine,,
Crustaceans-Copepods,Canthocamptidae,Elaphoidella bidens bidens,,a copepod,Exotic,Freshwater,,
Crustaceans-Copepods,Cyclopidae,Bryocyclops muscicola,,a copepod,Exotic,Freshwater,,
Crustaceans-Copepods,Cyclopidae,Mesocyclops ogunnus,,a copepod,Exotic,Freshwater,,
Crustaceans-Copepods,Cyclopidae,Paracyclops bromeliacola,,a copepod,Exotic,Freshwater,,
Crustaceans-Crabs,Grapsidae,Platychirograpsus spectabilis,,saber crab,Exotic,Freshwater-Brackish,,
Crustaceans-Crayfish,Cambaridae,Procambarus acutus acutus,,White River Crawfish,Native,Freshwater,,
Crustaceans-Crayfish,Cambaridae,Procambarus clarkii,,Red Swamp Crayfish,Native,Freshwater,,
Crustaceans-Isopods,Trachelipodidae,Caecidotea laticaudata,,a  freshwater isopod,Native,Freshwater,,
Crustaceans-Shrimp,Atyidae,Potimirim potimirim,,potimirim shrimp,Exotic,Freshwater,,
Crustaceans-Shrimp,Palaemonidae,Macrobrachium heterochirus,,cascade river prawn,Exotic,Freshwater,,
Crustaceans-Shrimp,Palaemonidae,Macrobrachium macrobrachion,,brackish river prawn,Exotic,Brackish-Marine,,
Crustaceans-Shrimp,Palaemonidae,Macrobrachium ohione,,Ohio shrimp,Native,Freshwater,,
Crustaceans-Shrimp,Palaemonidae,Macrobrachium olfersii,,bristled river shrimp,Native,Freshwater,,
Crustaceans-Shrimp,Penaeidae,Penaeus monodon,,Asian tiger shrimp,Exotic,Marine,,
Fishes,Acanthuridae,Acanthurus guttatus,,whitespotted surgeonfish,Exotic,Marine,,
Fishes,Acanthuridae,Acanthurus pyroferus,,chocolate surgeonfish,Exotic,Marine,,
Fishes,Acanthuridae,Acanthurus sohal,,Red Sea surgeonfish,Exotic,Marine,,
Fishes,Acanthuridae,Naso lituratus,,orangespine unicornfish,Exotic,Marine,,
Fishes,Acanthuridae,Zebrasoma desjardinii,,sailfin tang,Exotic,Marine,,
Fishes,Acanthuridae,Zebrasoma flavescens,,yellow tang,Exotic,Marine,,
Fishes,Acanthuridae,Zebrasoma scopas,,Brown Tang,Exotic,Marine,,
Fishes,Acanthuridae,Zebrasoma veliferum,,sailfin tang,Exotic,Marine,,
Fishes,Acanthuridae,Zebrasoma xanthurum,,yellowtail tang,Exotic,Marine,,
Fishes,Anabantidae,Anabas testudineus,,climbing perch,Exotic,Freshwater,,
Fishes,Anabantidae,Ctenopoma nigropannosum,,twospot climbing perch,Exotic,Freshwater,,
Fishes,Anostomidae,Leporinus fasciatus,,banded leporinus,Exotic,Freshwater,,
Fishes,Balistidae,Balistoides conspicillum,,clown triggerfish,Exotic,Marine,,
Fishes,Balistidae,Rhinecanthus aculeatus,,Lagoon Triggerfish,Exotic,Marine,,
Fishes,Balistidae,Rhinecanthus verrucosus,,bursa triggerfish,Exotic,Marine,,
Fishes,Blenniidae,Hypsoblennius invemar,,Tessellated Blenny,Unknown,Marine,,
Fishes,Callichthyidae,Callichthys callichthys,,cascarudo,Exotic,Freshwater,,
Fishes,Callichthyidae,Corydoras sp.,,corydoras,Exotic,Freshwater,,
Fishes,Callichthyidae,Hoplosternum littorale,,Brown Hoplo,Exotic,Freshwater,,
Fishes,Catostomidae,Carpiodes carpio,,River Carpsucker,Native,Freshwater,,
Fishes,Catostomidae,Moxostoma lachneri,,Greater Jumprock,Native,Freshwater,,
Fishes,Centrarchidae,Ambloplites rupestris,,Rock Bass,Native,Freshwater,,
Fishes,Centrarchidae,Lepomis auritus,,Redbreast Sunfish,Native,Freshwater,,
Fishes,Centrarchidae,Lepomis cyanellus,,Green Sunfish,Native,Freshwater,,
Fishes,Centrarchidae,Lepomis gulosus,,Warmouth,Native,Freshwater,,
Fishes,Centrarchidae,Lepomis humilis,,Orangespotted Sunfish,Native,Freshwater,,
Fishes,Centrarchidae,Lepomis megalotis,,Longear Sunfish,Native,Freshwater,,
Fishes,Centrarchidae,Micropterus coosae,,Redeye Bass (sensu lato),Native,Freshwater,,
Fishes,Centrarchidae,Micropterus notius,,Suwanee Bass,Native,Freshwater,,
Fishes,Centrarchidae,Micropterus punctulatus,,Spotted Bass,Native,Freshwater,,
Fishes,Centrarchidae,Pomoxis annularis,,White Crappie,Native,Freshwater,,
Fishes,Chaenopsidae,Protemblemaria punctata,,Warthead Blenny,Exotic,Freshwater,,
Fishes,Chaetodontidae,Chaetodon lunula,,raccoon butterflyfish,Native,Marine,,
Fishes,Chaetodontidae,Heniochus acuminatus,,featherfin bullfish,Exotic,Marine,,
Fishes,Chaetodontidae,Heniochus diphreutes,,schooling bannerfish,Exotic,Marine,,
Fishes,Chaetodontidae,Heniochus intermedius,,Red Sea bannerfish,Exotic,Marine,,
Fishes,Chaetodontidae,Heniochus sp.,,bannerfish,Exotic,Marine,,
Fishes,Channidae,Channa argus,,Northern Snakehead,Exotic,Freshwater,,
Fishes,Channidae,Channa marulius,,Bullseye Snakehead,Exotic,Freshwater,,
Fishes,Characidae,Aphyocharax anisitsi,,bloodfin tetra,Exotic,Freshwater,,
Fishes,Characidae,Colossoma macropomum,,tambaqui,Exotic,Freshwater,,
Fishes,Characidae,Colossoma or Piaractus sp.,,unidentified pacu,Exotic,Freshwater,,
Fishes,Characidae,Gymnocorymbus ternetzi,,black tetra,Exotic,Freshwater,,
Fishes,Characidae,Hyphessobrycon eques,,serpae tetra,Exotic,Freshwater,,
Fishes,Characidae,Metynnis sp.,,metynnis,Exotic,Freshwater,,
Fishes,Characidae,Moenkhausia sanctaefilomenae,,redeye tetra,Exotic,Freshwater,,
Fishes,Characidae,Piaractus brachypomus,,pirapatinga, red-bellied pacu,Exotic,Freshwater,
Fishes,Characidae,Piaractus mesopotamicus,,small-scaled pacu,Exotic,Freshwater,,
Fishes,Characidae,Pygocentrus nattereri,,red piranha,Exotic,Freshwater,,
Fishes,Characidae,Pygocentrus or Serrasalmus sp.,,unidentified piranha,Exotic,Freshwater,,
Fishes,Characidae,Serrasalmus rhombeus,,white piranha,Exotic,Freshwater,,
Fishes,Cichlidae,Aequidens pulcher,,blue acara,Exotic,Freshwater,,
Fishes,Cichlidae,Amphilophus citrinellus,,Midas Cichlid,Exotic,Freshwater,,
Fishes,Cichlidae,Amphilophus citrinellus x Cichlasoma urophthalmus,,Midas x Mayan cichlid hybrid,Exotic Hybrid,Freshwater,,
Fishes,Cichlidae,Archocentrus nigrofasciatus,,Convict Cichlid,Exotic,Freshwater,,
Fishes,Cichlidae,Astatotilapia calliptera,,eastern happy,Exotic,Freshwater,,
Fishes,Cichlidae,Astronotus ocellatus,,Oscar,Exotic,Freshwater,,
Fishes,Cichlidae,Cichla ocellaris,,Butterfly Peacock Bass,Exotic,Freshwater,,
Fishes,Cichlidae,Cichla temensis,,speckled pavon,Exotic,Freshwater,,
Fishes,Cichlidae,Cichlasoma bimaculatum,,Black Acara,Exotic,Freshwater,,
Fishes,Cichlidae,Cichlasoma salvini,,Yellowbelly Cichlid,Exotic,Freshwater,,
Fishes,Cichlidae,Cichlasoma trimaculatum,,Threespot Cichlid,Exotic,Freshwater,,
Fishes,Cichlidae,Cichlasoma urophthalmus,,Mayan Cichlid,Exotic,Freshwater,,
Fishes,Cichlidae,Geophagus sp.,,eartheater,Exotic,Freshwater,,
Fishes,Cichlidae,Hemichromis letourneuxi,,African Jewelfish,Exotic,Freshwater-Brackish,,
Fishes,Cichlidae,Herichthys carpintis,,Lowland Cichlid,Exotic,Freshwater,,
Fishes,Cichlidae,Herichthys cyanoguttatus,,Rio Grande Cichlid,Native,Freshwater,,
Fishes,Cichlidae,Heros severus,,Banded Cichlid,Exotic,Freshwater,,
Fishes,Cichlidae,Labeotropheus fuelleborni,,blue mbuna,Exotic,Freshwater,,
Fishes,Cichlidae,Melanochromis auratus,,golden mbuna,Exotic,Freshwater,,
Fishes,Cichlidae,Oreochromis aureus,,Blue Tilapia,Exotic,Freshwater,,
Fishes,Cichlidae,Oreochromis mossambicus,,Mozambique Tilapia,Exotic,Freshwater-Brackish,,
Fishes,Cichlidae,Oreochromis mossambicus x hornorum,,hybrid tilapia,Exotic Hybrid,Freshwater,,
Fishes,Cichlidae,Oreochromis niloticus,,Nile Tilapia,Exotic,Freshwater,,
Fishes,Cichlidae,Oreochromis sp.,,Tilapia species,Exotic,Freshwater,,
Fishes,Cichlidae,Oreochromis, Sarotherodon, Tilapia sp.,,tilapia,Exotic,Freshwater
Fishes,Cichlidae,Oreochromis, Sarotherodon, Tilapia sp. x sp.,,hybrid tilapia,Exotic Hybrid,Freshwater
Fishes,Cichlidae,Parachromis managuensis,,Jaguar Guapote,Exotic,Freshwater,,
Fishes,Cichlidae,Petenia splendida,,Giant Cichlid,Exotic,Freshwater,,
Fishes,Cichlidae,Pseudotropheus socolofi,,Pindani,Exotic,Freshwater,,
Fishes,Cichlidae,Pterophyllum scalare,,freshwater angelfish,Exotic,Freshwater,,
Fishes,Cichlidae,Rocio octofasciata,,Jack Dempsey,Exotic,Freshwater,,
Fishes,Cichlidae,Sarotherodon melanotheron,,Blackchin Tilapia,Exotic,Freshwater,,
Fishes,Cichlidae,Telmatochromis bifrenatus,,Lake Tanganyika dwarf cichlid,Exotic,Freshwater,,
Fishes,Cichlidae,Thorichthys meeki,,Firemouth Cichlid,Exotic,Freshwater,,
Fishes,Cichlidae,Tilapia buttikoferi,,zebra tilapia,Exotic,Freshwater,,
Fishes,Cichlidae,Tilapia mariae,,Spotted Tilapia,Exotic,Freshwater,,
Fishes,Cichlidae,Tilapia sp.,,unidentified tilapia,Exotic,Freshwater,,
Fishes,Cichlidae,Tilapia sparrmanii,,banded tilapia,Exotic,Freshwater,,
Fishes,Cichlidae,Tilapia zillii,,Redbelly Tilapia,Exotic,Freshwater,,
Fishes,Cichlidae,Vieja melanura,,Redhead Cichlid,Exotic,Freshwater,,
Fishes,Clariidae,Clarias batrachus,,Walking Catfish,Exotic,Freshwater,,
Fishes,Clupeidae,Alosa aestivalis,,Blueback Herring,Native,Freshwater-Marine,,
Fishes,Clupeidae,Alosa chrysochloris,,Skipjack Herring,Native,Freshwater-Marine,,
Fishes,Clupeidae,Alosa sapidissima,,American Shad,Native,Freshwater-Marine,,
Fishes,Clupeidae,Dorosoma cepedianum,,Gizzard Shad,Native,Freshwater-Marine,,
Fishes,Clupeidae,Dorosoma petenense,,Threadfin Shad,Native,Freshwater-Marine,,
Fishes,Cobitidae,Misgurnus anguillicaudatus,,Oriental Weatherfish,Exotic,Freshwater,,
Fishes,Cobitidae,Pangio kuhlii,,coolie loach,Exotic,Freshwater,,
Fishes,Cyprinidae,Barbonymus gonionotus,,Java Barb,Exotic,Freshwater,,
Fishes,Cyprinidae,Barbonymus schwanenfeldii,,tinfoil barb,Exotic,Freshwater,,
Fishes,Cyprinidae,Carassius auratus,,Goldfish,Exotic,Freshwater,,
Fishes,Cyprinidae,Ctenopharyngodon idella,,Grass Carp,Exotic,Freshwater,,
Fishes,Cyprinidae,Ctenopharyngodon idella,diploid,Grass Carp (diploid),Exotic,Freshwater,,
Fishes,Cyprinidae,Ctenopharyngodon idella,triploid,Grass Carp (triploid),Exotic,Freshwater,,
Fishes,Cyprinidae,Ctenopharyngodon x Hypophthalmichthys idella x nobilis,,grass carp x bighead carp,Exotic Hybrid,Freshwater,,
Fishes,Cyprinidae,Cyprinus carpio,,Common Carp,Exotic,Freshwater,,
Fishes,Cyprinidae,Danio rerio,,zebra danio,Exotic,Freshwater,,
Fishes,Cyprinidae,Devario malabaricus,,Malabar danio,Exotic,Freshwater,,
Fishes,Cyprinidae,Hybopsis cf. winchelli,,clear chub,Native,Freshwater,,
Fishes,Cyprinidae,Hypophthalmichthys nobilis,,Bighead Carp,Exotic,Freshwater,,
Fishes,Cyprinidae,Labeo chrysophekadion,,black sharkminnow, black labeo,Exotic,Freshwater,
Fishes,Cyprinidae,Leuciscus idus,,Ide,Exotic,Freshwater,,
Fishes,Cyprinidae,Luxilus chrysocephalus isolepis,,Striped Shiner,Native,Freshwater,,
Fishes,Cyprinidae,Nocomis leptocephalus bellicus,,Bluehead Chub,Native,Freshwater,,
Fishes,Cyprinidae,Notemigonus crysoleucas,,Golden Shiner,Native,Freshwater,,
Fishes,Cyprinidae,Notropis baileyi,,Rough Shiner,Native,Freshwater,,
Fishes,Cyprinidae,Notropis harperi,,Redeye Chub,Native,Freshwater,,
Fishes,Cyprinidae,Pethia conchonius,,rosy barb,Exotic,Freshwater,,
Fishes,Cyprinidae,Pethia gelius,,dwarf barb,Exotic,Freshwater,,
Fishes,Cyprinidae,Pimephales promelas,,Fathead Minnow,Native,Freshwater,,
Fishes,Cyprinidae,Puntigrus tetrazona,,tiger barb,Exotic,Freshwater,,
Fishes,Cyprinidae,Tinca tinca,,Tench,Exotic,Freshwater,,
Fishes,Doradidae,Oxydoras niger,,ripsaw catfish,Exotic,Freshwater,,
Fishes,Doradidae,Platydoras costatus,,Raphael catfish,Exotic,Freshwater,,
Fishes,Doradidae,Pterodoras granulosus,,granulated catfish,Exotic,Freshwater,,
Fishes,Doradidae,Pterodoras sp.,,thorny catfish,Exotic,Freshwater,,
Fishes,Ephippidae,Platax orbicularis,,orbicular batfish,Exotic,Marine,,
Fishes,Erythrinidae,Hoplias malabaricus,,trahira,Exotic,Freshwater,,
Fishes,Esocidae,Esox niger,,Chain Pickerel,Native,Freshwater,,
Fishes,Fundulidae,Fundulus lineolatus,,Lined Topminnow,Native,Freshwater,,
Fishes,Fundulidae,Fundulus seminolis,,Seminole Killifish,Native,Freshwater,,
Fishes,Grammatidae,Gramma loreto,,Fairy Basslet,Exotic,Marine,,
Fishes,Helostomatidae,Helostoma temminkii,,kissing gourami,Exotic,Freshwater,,
Fishes,Hemiscylliidae,Chiloscyllium punctatum,,brownbanded bambooshark,Exotic,Marine,,
Fishes,Heptapteridae,Rhamdia quelen,,bagre,Exotic,Freshwater,,
Fishes,Heptapteridae,Rhamdia sp.,,bagre de Rio,Exotic,Freshwater,,
Fishes,Ictaluridae,Ameiurus catus,,White Catfish,Native,Freshwater,,
Fishes,Ictaluridae,Ameiurus melas,,Black Bullhead,Native,Freshwater,,
Fishes,Ictaluridae,Ictalurus furcatus,,Blue Catfish,Native,Freshwater,,
Fishes,Ictaluridae,Pylodictis olivaris,,Flathead Catfish,Native,Freshwater,,
Fishes,Lepisosteidae,Atractosteus spatula,,Alligator Gar,Native,Freshwater,,
Fishes,Loricariidae,Ancistrus sp.,,bristlenosed catfish,Exotic,Freshwater,,
Fishes,Loricariidae,Farlowella vittata,,twig catfish,Exotic,Freshwater,,
Fishes,Loricariidae,Glyptoperichthys gibbiceps,,leopard pleco,Exotic,Freshwater,,
Fishes,Loricariidae,Hypostomus plecostomus,,Suckermouth Catfish,Exotic,Freshwater,,
Fishes,Loricariidae,Hypostomus sp.,,suckermouth catfish,Exotic,Freshwater,,
Fishes,Loricariidae,Pterygoplichthys anisitsi,,Paraná Sailfin Catfish,Exotic,Freshwater,,
Fishes,Loricariidae,Pterygoplichthys disjunctivus,,Vermiculated Sailfin Catfish,Exotic,Freshwater,,
Fishes,Loricariidae,Pterygoplichthys multiradiatus,,Orinoco Sailfin Catfish,Exotic,Freshwater,,
Fishes,Loricariidae,Pterygoplichthys pardalis,,Amazon Sailfin Catfish,Exotic,Freshwater,,
Fishes,Loricariidae,Pterygoplichthys sp.,,sailfin armored catfish,Exotic,Freshwater,,
Fishes,Mastacembelidae,Macrognathus siamensis,,Spotfin Spiny Eel,Exotic,Freshwater,,
Fishes,Monodactylidae,Monodactylus sebae,,African moony,Exotic,Freshwater,,
Fishes,Moronidae,Morone chrysops,,White Bass,Native,Freshwater-Marine,,
Fishes,Moronidae,Morone chrysops x M. saxatilis,,wiper,Native Hybrid,Freshwater-Marine,,
Fishes,Moronidae,Morone saxatilis,,Striped Bass,Native,Freshwater-Marine,,
Fishes,Notopteridae,Chitala ornata,,Clown Knifefish,Exotic,Freshwater,,
Fishes,Osphronemidae,Betta splendens,,Siamese fighting fish,Exotic,Freshwater,,
Fishes,Osphronemidae,Colisa lalia,,dwarf gourami,Exotic,Freshwater,,
Fishes,Osphronemidae,Macropodus opercularis,,paradise fish,Exotic,Freshwater,,
Fishes,Osphronemidae,Osphronemus goramy,,giant gourami,Exotic,Freshwater,,
Fishes,Osphronemidae,Trichogaster fasciata,,banded gourami,Exotic,Freshwater,,
Fishes,Osphronemidae,Trichogaster labiosa,,thicklipped gourami,Exotic,Freshwater,,
Fishes,Osphronemidae,Trichogaster trichopterus,,three-spot gourami,Exotic,Freshwater,,
Fishes,Osphronemidae,Trichopodus leerii,,pearl gourami,Exotic,Freshwater,,
Fishes,Osphronemidae,Trichopsis vittata,,Croaking Gourami,Exotic,Freshwater,,
Fishes,Osteoglossidae,Osteoglossum bicirrhosum,,Silver Arowana,Exotic,Freshwater,,
Fishes,Pangasiidae,Pangasianodon hypophthalmus,,iridescent shark,Exotic,Freshwater,,
Fishes,Percidae,Ammocrypta bifascia,,Florida Sand Darter,Native,Freshwater,,
Fishes,Percidae,Etheostoma edwini,,Brown Darter,Native,Freshwater,,
Fishes,Percidae,Perca flavescens,,Yellow Perch,Native,Freshwater,,
Fishes,Percidae,Sander canadensis,,Sauger,Native,Freshwater,,
Fishes,Percidae,Sander vitreus,,Walleye,Native,Freshwater,,
Fishes,Pimelodidae,Leiarius marmoratus,,Marbled Pim,Exotic,Freshwater,,
Fishes,Pimelodidae,Phractocephalus hemioliopterus,,redtail catfish,Exotic,Freshwater,,
Fishes,Poeciliidae,Belonesox belizanus,,Pike Killifish,Exotic,Freshwater,,
Fishes,Poeciliidae,Gambusia affinis,,Western Mosquitofish,Native,Freshwater,,
Fishes,Poeciliidae,Poecilia kykesis,,Péten molly,Exotic,Freshwater,,
Fishes,Poeciliidae,Poecilia latipinna x velifera,,black molly,Exotic Hybrid,Freshwater,,
Fishes,Poeciliidae,Poecilia latipunctata,,Tamesí Molly,Exotic,Freshwater,,
Fishes,Poeciliidae,Poecilia reticulata,,Guppy,Exotic,Freshwater,,
Fishes,Poeciliidae,Poecilia sphenops,,Mexican Molly,Exotic,Freshwater,,
Fishes,Poeciliidae,Poecilia spp. hybrid,,lyretail black molly,Exotic Hybrid,Freshwater,,
Fishes,Poeciliidae,Xiphophorus hellerii,,Green Swordtail,Exotic,Freshwater,,
Fishes,Poeciliidae,Xiphophorus hellerii x maculatus,,red swordtail,Exotic Hybrid,Freshwater,,
Fishes,Poeciliidae,Xiphophorus hellerii x variatus,,platyfish/swordtail,Exotic Hybrid,Freshwater,,
Fishes,Poeciliidae,Xiphophorus maculatus,,Southern Platyfish,Exotic,Freshwater,,
Fishes,Poeciliidae,Xiphophorus maculatus x variatus,,platyfish/swordtail,Exotic Hybrid,Freshwater,,
Fishes,Poeciliidae,Xiphophorus sp.,,platyfish,Exotic,Freshwater,,
Fishes,Poeciliidae,Xiphophorus variatus,,Variable Platyfish,Exotic,Freshwater,,
Fishes,Poeciliidae,Xiphophorus xiphidium,,Swordtail Platyfish,Exotic,Freshwater,,
Fishes,Polyodontidae,Polyodon spathula,,Paddlefish,Native,Freshwater,,
Fishes,Polypteridae,Polypterus delhezi,,barred bichir,Exotic,Freshwater,,
Fishes,Pomacanthidae,Pomacanthus annularis,,blue ringed angelfish,Exotic,Marine,,
Fishes,Pomacanthidae,Pomacanthus asfur,,Arabian angel,Exotic,Marine,,
Fishes,Pomacanthidae,Pomacanthus imperator,,emperor angelfish,Exotic,Marine,,
Fishes,Pomacanthidae,Pomacanthus maculosus,,yellowbar angelfish,Exotic,Marine,,
Fishes,Pomacanthidae,Pomacanthus semicirculatus,,semicircle angelfish,Exotic,Marine,,
Fishes,Pomacanthidae,Pomacanthus xanthometopon,,bluefaced angel,Exotic,Marine,,
Fishes,Pomacentridae,Acanthochromis polyacanthus,,spiny chromis damselfish,Exotic,Marine,,
Fishes,Pomacentridae,Amphiprion ocellaris,,clown anemonefish,Exotic,Marine,,
Fishes,Pomacentridae,Dascyllus aruanus,,whitetail damselfish,Exotic,Marine,,
Fishes,Pomacentridae,Dascyllus trimaculatus,,three spot damselfish,Exotic,Marine,,
Fishes,Pomacentridae,Neopomacentrus cyanomos,,regal demoiselle,Exotic,Marine,,
Fishes,Salmonidae,Oncorhynchus mykiss,,Rainbow Trout,Native,Freshwater-Marine,,
Fishes,Salmonidae,Salmo trutta,,Brown Trout,Exotic,Freshwater,,
Fishes,Scatophagidae,Scatophagus argus,,scat,Exotic,Brackish-Marine,,
Fishes,Scorpaenidae,Pterois volitans/miles,,lionfish,Exotic,Marine,,
Fishes,Serranidae,Cephalopholis argus,,peacock hind,Exotic,Marine,,
Fishes,Serranidae,Chromileptes altivelis,,panther grouper,Exotic,Marine,,
Fishes,Serranidae,Epinephelus ongus,,Summan grouper,Exotic,Marine-Brackish,,
Fishes,Siganidae,Siganus unimaculatus,,blotched foxface,Exotic,Marine,,
Fishes,Synbranchidae,Monopterus albus,,Asian Swamp Eel,Exotic,Freshwater,,
Fishes,Synbranchidae,Monopterus sp.,,jowled swamp eels,Exotic,Freshwater,,
Fishes,Tetraodontidae,Arothron diadematus,,masked pufferfish,Exotic,Marine,,
Fishes,Zanclidae,Zanclus cornutus,,Moorish Idol,Exotic,Marine,,
Mammals,Caviidae,Hydrochoerus hydrochaeris,,capybara,Exotic,Freshwater,,
Mammals,Myocastoridae,Myocastor coypus,,nutria,Exotic,Freshwater,,
Mollusks-Bivalves,Cyrenidae,Corbicula fluminea,,Asian clam,Exotic,Freshwater,,
Mollusks-Bivalves,Cyrenidae,Corbicula largillierti,,a freshwater clam,Exotic,Freshwater,,
Mollusks-Bivalves,Mycetopodidae,Anodontites trapesialis,,,Exotic,Freshwater,,
Mollusks-Bivalves,Mytilidae,Perna viridis,,green mussel,Exotic,Marine-Brackish,,
Mollusks-Bivalves,Sphaeriidae,Pisidium punctiferum,,striate peaclam,Native,Freshwater,,
Mollusks-Gastropods,Ampullariidae,Marisa cornuarietis,,giant rams-horn snail,Exotic,Freshwater,,
Mollusks-Gastropods,Ampullariidae,Pomacea canaliculata,,channeled applesnail,Exotic,Freshwater,,
Mollusks-Gastropods,Ampullariidae,Pomacea diffusa,,spike-topped applesnail,Exotic,Freshwater,,
Mollusks-Gastropods,Ampullariidae,Pomacea maculata,,giant applesnail,Exotic,Freshwater,,
Mollusks-Gastropods,Ampullariidae,Pomacea sp.,,an applesnail,Exotic,Freshwater,,
Mollusks-Gastropods,Muricidae,Rapana venosa,,veined rapa whelk,Exotic,Marine,,
Mollusks-Gastropods,Planorbidae,Biomphalaria glabrata,,bloodfluke planorb,Exotic,Freshwater,,
Mollusks-Gastropods,Thiaridae,Melanoides tuberculatus,,red-rim melania,Exotic,Freshwater,,
Mollusks-Gastropods,Thiaridae,Melanoides turriculus,,fawn melania,Exotic,Freshwater,,
Mollusks-Gastropods,Thiaridae,Mieniplotia scabra,,Pagoda tiara,Exotic,Freshwater,,
Mollusks-Gastropods,Thiaridae,Tarebia granifera,,quilted melania,Exotic,Freshwater,,
Mollusks-Gastropods,Viviparidae,Cipangopaludina chinensis,,Chinese mysterysnail,Exotic,Freshwater,,
Mollusks-Gastropods,Viviparidae,Cipangopaludina japonica,,Japanese mysterysnail,Exotic,Freshwater,,
Plants,Acanthaceae,Hygrophila corymbosa,,starhorn,Exotic,Freshwater,,
Plants,Acanthaceae,Hygrophila difformis,,water-wisteria,Exotic,Freshwater,,
Plants,Acanthaceae,Hygrophila polysperma,,hygro,Exotic,Freshwater,,
Plants,Alismataceae,Sagittaria montevidensis montevidensis,,giant arrowhead,Exotic,Freshwater,,
Plants,Amaranthaceae,Alternanthera philoxeroides,,alligatorweed,Exotic,Freshwater,,
Plants,Araceae,Cryptocoryne beckettii,,Beckett's water trumpet,Exotic,Freshwater,,
Plants,Araceae,Cryptocoryne undulata,,undulate water trumpet,Exotic,Freshwater,,
Plants,Araceae,Cryptocoryne wendtii,,Wendt's water trumpet,Exotic,Freshwater,,
Plants,Araceae,Landoltia punctata,,dotted duckweed,Exotic,Freshwater,,
Plants,Araceae,Pistia stratiotes,,water lettuce,Cryptogenic,Freshwater,,
Plants,Asteraceae,Enydra fluctuans,,buffalo spinach,Exotic,Freshwater,,
Plants,Azollaceae,Azolla pinnata pinnata,,feathered mosquitofern,Exotic,Freshwater,,
Plants,Brassicaceae,Nasturtium officinale,,water-cress,Exotic,Freshwater,,
Plants,Cabombaceae,Cabomba palaeformis,,fish-grass,Exotic,Freshwater,,
Plants,Cannaceae,Canna glauca,,maraca amarilla,Exotic,Freshwater,,
Plants,Commelinaceae,Murdannia keisak,,marsh dewflower,Exotic,Freshwater,,
Plants,Convolvulaceae,Ipomoea aquatica,,water spinach,Exotic,Freshwater,,
Plants,Cyperaceae,Cyperus blepharoleptos,,Cuban bulrush,Exotic,Freshwater,,
Plants,Cyperaceae,Cyperus blepharoleptos,,Cuban bulrush (umbellate),Exotic,Freshwater,,
Plants,Cyperaceae,Cyperus blepharoleptos,,Cuban bulrush (capitate),Exotic,Freshwater,,
Plants,Cyperaceae,Cyperus papyrus,,papyrus,Exotic,Freshwater,,
Plants,Cyperaceae,Scleria eggersiana,,Eggers' nutrush,Native,Freshwater,,
Plants,Cyperaceae,Scleria microcarpa,,tropical nutrush,Native?,Freshwater,,
Plants,Fabaceae,Aeschynomene fluitans,,giant water sensitive plant,Exotic,Freshwater,,
Plants,Haloragaceae,Myriophyllum aquaticum,,parrot feather,Exotic,Freshwater,,
Plants,Haloragaceae,Myriophyllum spicatum,,Eurasian watermilfoil,Exotic,Freshwater-Brackish,,
Plants,Hydrocharitaceae,Egeria densa,,Brazilian waterweed,Exotic,Freshwater,,
Plants,Hydrocharitaceae,Hydrilla verticillata [dioecious],,dioecious hydrilla,Exotic,Freshwater,,
Plants,Hydrocharitaceae,Najas minor,,brittle waternymph,Exotic,Freshwater,,
Plants,Hydrocharitaceae,Ottelia alismoides,,duck-lettuce,Exotic,Freshwater,,
Plants,Hydroleaceae,Hydrolea capsularis,,spiny false fiddleleaf,Exotic,Freshwater,,
Plants,Iridaceae,Iris pseudacorus,,yellow iris,Exotic,Freshwater,,
Plants,Limnocharitaceae,Hydrocleys nymphoides,,water-poppy,Native,Freshwater,,
Plants,Lythraceae,Rotala rotundifolia,,roundleaf toothcup,Exotic,Freshwater,,
Plants,Marsileaceae,Marsilea macropoda,,big-foot water-clover,Native,Freshwater,,
Plants,Marsileaceae,Marsilea minuta,,dwarf water-clover,Exotic,Freshwater,,
Plants,Marsileaceae,Marsilea mutica,,Australian water-clover,Exotic,Freshwater,,
Plants,Marsileaceae,Marsilea oligospora,,Pacific waterclover,Native,Freshwater,,
Plants,Marsileaceae,Marsilea sp.,,waterclover,Unknown,Freshwater,,
Plants,Marsileaceae,Marsilea vestita,,hairy water-clover,Native,Freshwater,,
Plants,Menyanthaceae,Nymphoides cristata,,crested floating-heart,Exotic,Freshwater,,
Plants,Menyanthaceae,Nymphoides grayana,,Gray's floating-heart,Cryptogenic,Freshwater,,
Plants,Menyanthaceae,Nymphoides humboldtiana,,Humboldt's floating-heart,Cryptogenic,Freshwater,,
Plants,Menyanthaceae,Nymphoides peltata,,yellow floating-heart,Exotic,Freshwater,,
Plants,Nelumbonaceae,Nelumbo nucifera,,sacred lotus,Exotic,Freshwater,,
Plants,Nymphaeaceae,Nymphaea capensis,zanzibariensis,cape blue waterlily,Exotic,Freshwater,,
Plants,Nymphaeaceae,Nymphaea lotus,,white Egyptian lotus,Exotic,Freshwater,,
Plants,Nymphaeaceae,Nymphaea sp.,,waterlily,Unknown,Freshwater,,
Plants,Nymphaeaceae,Nymphaea x daubenyana [caerulea x micrantha],,waterlily,Exotic Hybrid,Freshwater,,
Plants,Onagraceae,Ludwigia peruviana,,Peruvian primrose-willow,Exotic,Freshwater,,
Plants,Philydraceae,Philydrum lanuginosum,,woolly frog's mouth,Native?,Freshwater,,
Plants,Phyllanthaceae,Phyllanthus fluitans,,red root floater,Exotic,Freshwater,,
Plants,Plantaginaceae,Bacopa repens,,creeping waterhyssop,Exotic,Freshwater,,
Plants,Plantaginaceae,Limnophila aromatica,,rice paddy herb,Exotic,Freshwater,,
Plants,Plantaginaceae,Limnophila indica,,Indian marshweed,Exotic,Freshwater,,
Plants,Plantaginaceae,Limnophila sessiliflora,,Asian marshweed,Exotic,Freshwater,,
Plants,Poaceae,Hymenachne amplexicaulis,,West Indian marsh grass,Exotic,Freshwater,,
Plants,Poaceae,Luziola subintegra,,Tropical American watergrass,Exotic,Freshwater,,
Plants,Pontederiaceae,Eichhornia crassipes,,floating waterhyacinth,Exotic,Freshwater,,
Plants,Pontederiaceae,Eichhornia paniculata,,Brazilian water hyacinth,Exotic,Freshwater,,
Plants,Pontederiaceae,Heteranthera limosa,,mud plantain,Native,Freshwater,,
Plants,Potamogetonaceae,Potamogeton crispus,,curly-leaf pondweed,Exotic,Freshwater,,
Plants,Pteridaceae,Ceratopteris thalictroides,,watersprite,Exotic,Freshwater,,
Plants,Salviniaceae,Salvinia minima,,water spangles,Exotic,Freshwater,,
Plants,Salviniaceae,Salvinia molesta,,giant salvinia,Exotic,Freshwater,,
Plants,Typhaceae,Typha angustifolia,,narrow-leaved cattail,Exotic,Freshwater,,
Reptiles-Crocodilians,Alligatoridae,Caiman crocodilus,,Common Caiman,Exotic,Freshwater,,
Reptiles-Crocodilians,Alligatoridae,Paleosuchus palpebrosus,,Dwarf Caiman,Exotic,Freshwater,,
Reptiles-Crocodilians,Alligatoridae,Paleosuchus trigonatus,,Schneider's Smooth-fronted Caiman,Exotic,Freshwater,,
Reptiles-Crocodilians,Crocodylidae,Crocodylus niloticus,,Nile Crocodile,Exotic,Brackish,,
Reptiles-Crocodilians,Crocodylidae,Mecistops cataphractus,,African Gavial,Exotic,Freshwater,,
Reptiles-Snakes,Acrochordidae,Acrochordus javanicus,,Javan Filesnake,Exotic,Freshwater,,
Reptiles-Snakes,Boidae,Eunectes murinus,,Green Anaconda,Exotic,Freshwater,,
Reptiles-Snakes,Boidae,Eunectes notaeus,,Yellow Anaconda,Exotic,Freshwater,,
Reptiles-Snakes,Colubridae,Erpeton tentaculatus,,Tentacled Snake,Exotic,Freshwater,,
Reptiles-Turtles,Bataguridae,Ocadia sinensis,,Chinese stripe-necked turtle,Exotic,Freshwater,,
Reptiles-Turtles,Bataguridae,Rhinoclemmys pulcherrima,,Painted Wood Turtle,Exotic,Freshwater,,
Reptiles-Turtles,Bataguridae,Rhinoclemmys punctularia,,Spot-legged Turtle,Exotic,Freshwater,,
Reptiles-Turtles,Chelidae,Chelus fimbriata,,Matamata Turtle,Exotic,Freshwater,,
Reptiles-Turtles,Chelidae,Platemys platycephala,,twist-necked turtle,Exotic,Freshwater,,
Reptiles-Turtles,Chelydridae,Chelydra serpentina,,Snapping Turtle,Native,Freshwater,,
Reptiles-Turtles,Emydidae,Chrysemys picta,,Painted Turtle,Native,Freshwater,,
Reptiles-Turtles,Emydidae,Chrysemys picta bellii,,Western Painted Turtle,Native,Freshwater,,
Reptiles-Turtles,Emydidae,Chrysemys picta dorsalis,,Southern Painted Turtle,Native,Freshwater,,
Reptiles-Turtles,Emydidae,Deirochelys reticularia chrysea,,Florida Chicken Turtle,Native,Freshwater,,
Reptiles-Turtles,Emydidae,Glyptemys insculpta,,Wood Turtle,Native,Freshwater,,
Reptiles-Turtles,Emydidae,Graptemys barbouri,,Barbour's Map Turtle,Native,Freshwater,,
Reptiles-Turtles,Emydidae,Graptemys ernsti,,Escambia Map Turtle,Native,Freshwater,,
Reptiles-Turtles,Emydidae,Graptemys ouachitensis,,Ouachita Map Turtle,Native,Freshwater,,
Reptiles-Turtles,Emydidae,Graptemys pseudogeographica,,False Map Turtle,Native,Freshwater,,
Reptiles-Turtles,Emydidae,Graptemys pseudogeographica kohnii,,Mississippi Map Turtle,Native,Freshwater,,
Reptiles-Turtles,Emydidae,Pseudemys nelsoni,,Florida Red-bellied Cooter,Native,Freshwater,,
Reptiles-Turtles,Emydidae,Trachemys callirostris callirostris,,Columbian slider,Exotic,Freshwater,,
Reptiles-Turtles,Emydidae,Trachemys dorbigni,,Brazilian Slider,Exotic,Freshwater,,
Reptiles-Turtles,Emydidae,Trachemys scripta,,Pond Slider,Native,Freshwater,,
Reptiles-Turtles,Emydidae,Trachemys scripta elegans,,Red-eared Slider,Native,Freshwater,,
Reptiles-Turtles,Emydidae,Trachemys scripta scripta,,Yellow-bellied Slider,Native,Freshwater,,
Reptiles-Turtles,Emydidae,Trachemys stejnegeri malonei,,Inagua Slider,Exotic,Freshwater,,
Reptiles-Turtles,Kinosternidae,Kinosternon scorpioides,,Scorpion Mud Turtle,Exotic,Freshwater,,
Reptiles-Turtles,Kinosternidae,Staurotypus salvinii,,Pacific Coast giant musk turtle,Exotic,Freshwater,,
Reptiles-Turtles,Kinosternidae,Sternotherus carinatus,,Razor-backed Musk Turtle,Native,Freshwater,,
Reptiles-Turtles,Pelomedusidae,Pelusios subniger,,East African Black Mud Turtle,Exotic,Freshwater,,
Reptiles-Turtles,Pelomedusidae,Podocnemis lewyana,,Magdalena River Turtle,Exotic,Freshwater,,
Reptiles-Turtles,Pelomedusidae,Podocnemis sextuberculata,,Six-tubercled river turtle,Exotic,Freshwater,,
Reptiles-Turtles,Pelomedusidae,Podocnemis unifilis,,Yellow-spotted River Turtle,Exotic,Freshwater,,
Reptiles-Turtles,Trionychidae,Apalone ferox,,Florida Softshell,Native,Freshwater,,
Reptiles-Turtles,Trionychidae,Apalone spinifera,,Spiny Softshell,Native,Freshwater,,